[
  {
    "id": 6282298313,
    "username": "@xlilnyx",
    "first_name": "Xlilnyx",
    "registered_at": "2025-07-16T12:30:00.000Z"
  },
  {
    "id": 7351865104,
    "username": "@RizNotdev",
    "first_name": "アカウント — !s'𝐑𝐢𝐳𝐳",
    "registered_at": "2025-07-16T17:21:33.153Z"
  },
  {
    "id": 5053359392,
    "username": "@Rizzxtzy",
    "first_name": "-𝗗𝗿𝗮𝗴𝗼𝗻¥𝗢𝗳𝗳𝗶𝗰𝗶𝗮𝗹 🔪🍷",
    "registered_at": "2025-07-16T18:07:26.968Z"
  },
  {
    "id": 7833553627,
    "username": "@modhzy",
    "first_name": "気 | 𝗔𝗟𝗪𝗔𝗬𝗦 𝗗𝗭𝗘𝗘",
    "registered_at": "2025-07-16T18:16:28.180Z"
  }
]